model,k,seed_ari_mean,seed_ari_min,boot_ari_mean,boot_ari_min
A_RFM,2,1.0,1.0,0.9824142508598606,0.9665486539410938
A_RFM,3,0.7218254763673032,0.4128449583420722,0.909992236668603,0.43110797425410424
A_RFM,4,0.9948426602580964,0.9903808048133376,0.97371956275358,0.9228108525724981
A_RFM,5,0.6697224406367819,0.41804257482012386,0.8240040704535071,0.4121434556771366
A_RFM,6,0.7745341006066523,0.45138097245315456,0.9244771715389396,0.8326332955317473
A_RFM,7,0.9597504852818248,0.9135978748884617,0.9402649076751151,0.8039567679846129
A_RFM,8,0.6926105343277428,0.5427767730453887,0.7787652146999657,0.5204065383282385
B_RFM_Behavior,2,0.9973291124096161,0.9951924023373087,0.9901975031165989,0.9705087891488872
B_RFM_Behavior,3,0.6828077844108942,0.33962559908837164,0.9781866542197324,0.9367621241948398
B_RFM_Behavior,4,0.6584036307751929,0.3711974132572987,0.9742094027140339,0.9445134078470815
B_RFM_Behavior,5,0.767703036667584,0.4099411348080915,0.9332060805970896,0.8453157093043814
B_RFM_Behavior,6,0.7258187540307033,0.4155382008520314,0.9551839757874052,0.9182727592213865
B_RFM_Behavior,7,0.7493297963056317,0.4897039678278518,0.9613596352767322,0.9156291575737628
B_RFM_Behavior,8,0.8272380118857787,0.7182007031867695,0.8734247390195935,0.5354065184604262
