model,k,silhouette,davies_bouldin,calinski_harabasz,wssse,max_share,min_share
A_RFM,2,0.6201160759679676,0.8908166749229526,4836.088372945226,7681.148194149221,0.6484281734978113,0.3515718265021886
A_RFM,3,0.496663093421466,1.009646258734377,4112.1329255196215,5716.02667686024,0.4413052128929566,0.272383605252686
A_RFM,4,0.4986110383788577,0.9625529278075018,4119.068993748208,4356.162515453181,0.3215280541185834,0.1197771587743732
A_RFM,5,0.4680284455102069,1.0064458712766284,3854.23058665748,3703.486769166685,0.2849184241941902,0.0917230401910067
A_RFM,6,0.4855278204798024,0.9222443754978268,3893.9800214914058,3090.110603471053,0.2206526064464783,0.0819737365698368
A_RFM,7,0.4800608297237317,0.9434574702930628,3822.878497661043,2706.4205035779287,0.2331874253879824,0.0660565061679267
A_RFM,8,0.4669161467416176,0.9497845121948212,3632.020263912137,2484.92206557726,0.1900119379228014,0.0606844409072821
A_RFM,9,0.4723702275924746,0.933027990429708,3644.714330582254,2213.0770011219975,0.1534023079984083,0.047950656585754
A_RFM,10,0.4745287164162566,0.9187186809654776,3570.980733544875,2035.1649278353816,0.1659371269399124,0.0316354954237962
B_RFM_Behavior,2,0.6208110968297663,0.9028357419105728,4698.263527121017,18176.75477598687,0.6478312773577397,0.3521687226422602
B_RFM_Behavior,3,0.4674506709721038,1.1083851349390548,3741.720812234746,14127.441706065189,0.4446876243533625,0.1784719458814166
B_RFM_Behavior,4,0.5039796686924592,0.9984359081363304,3310.3816438540703,11813.491463400458,0.4184241941902109,0.059291683247115
B_RFM_Behavior,5,0.4179621963951206,1.122675183099895,3092.1970362346447,10156.171744473184,0.3292877039395145,0.0571030640668523
B_RFM_Behavior,6,0.3993615514406977,1.177755659418777,2778.9781001940437,9335.422797765736,0.2674094707520891,0.0537206526064464
B_RFM_Behavior,7,0.3851387992929193,1.1754230423111651,2665.834191532067,8401.222125273183,0.2017508953442101,0.0533227218463987
B_RFM_Behavior,8,0.3583782094016686,1.195878141680036,2478.0023912803968,7892.506612753774,0.190608834062873,0.0505372065260644
B_RFM_Behavior,9,0.3777119916088571,1.1626926057545588,2375.926590895307,7345.568734776029,0.1836450457620374,0.0220851571826502
B_RFM_Behavior,10,0.3707755547378625,1.164790109143837,2235.6377183748937,7019.120369332051,0.1729009152407481,0.0230799840827695
