Survey_ResponseID,count
RUG,541
CURTAIN,516
BLANKET,362
PORTABLE_ELECTRONIC_DEVICE_COVER,359
AMAZON_TABLET,316
 Strong Seal on All Box Types,298
TOY_FIGURE,295
ADHESIVE_TAPES,282
HOME,251
CELLULAR_PHONE_CASE,245
PLANNER,237
HANGING_ROD,229
LABEL,213
" Black""",205
ART_MEDIA_PAPER,203
BLANK_BOOK,201
WALL_ART,199
BED_LINEN_SET,183
MONITOR,179
OUTDOOR_LIVING,153
HOME_BED_AND_BATH,148
,144
OFFICE_PRODUCTS,138
COMPUTER_DRIVE_OR_STORAGE,134
TOWEL,134
PLANTER,133
B00LS9UD2M,126
PILLOWCASE,124
TOYS_AND_GAMES,123
SHELF,122
DRYING_RACK,116
HARDWARE_TUBING,115
DISHWARE_PLATE,112
ELECTRONIC_CABLE,110
SCREEN_PROTECTOR,109
MATTRESS_COVER,109
HEALTH_PERSONAL_CARE,108
" 36""""""",106
STICKER_DECAL,104
 latest model (2021 release),104
