Order_Date,Purchase_Price_Per_Unit,Quantity,Shipping_Address_State,Title,ASIN_ISBN_Product_Code,Category,Survey_ResponseID
2019-03-15,124.99,1.0,NJ,"""Fire HD 8 Tablet (8"""" HD Display", 32 GB," without Special Offers) - Black (Previous Generation - 8th)""",B077H6L7T9
2019-02-09,210.55,1.0,PA,"""ASUS Chromebook C202 Laptop- 11.6"""" Ruggedized and Spill Resistant Design with 180 Degree Hinge", Intel Celeron N3060, 4GB RAM, 16GB eMMC Storage
2019-12-04,4.26,1.0,PA,"""iCraft Zots Clear Adhesive Dots, Medium, 3/8"""" Diameter x 1/64"""" Thick"," 300 Count""",B000XAOKPS,STICKER_DECAL
2019-12-04,11.49,1.0,PA,"""140 Mini Envelopes With White Blank Note Cards, Mini Envelopes 4""""x 2.7"""" For Business Cards"," Gift Cards (Assorted Colors)…""",B07JQ3G816,ENVELOPE
2020-03-20,145.99,1.0,PA,"""GreenForest L Shaped Desk 65"""" x 43""""", Large L Desk with Storage, Corner Computer Desk for Writing, Home Office Study Gaming Modern Desk with Hutch
2020-08-31,20.62,1.0,PA,"""Glad for Pets Black Charcoal Puppy Pads 23"""" x 23"""" | Puppy Potty Training Pads That ABSORB & NEUTRALIZE Urine Instantly | New & Improved Quality Puppy Pee Pads"," 100 count""",B01LWS9514,DISPOSABLE_INCONTINENCE_SURFACE_PROTECTOR
2020-09-06,6.12,1.0,PA,"Knitter's Pride-Basix Fixed Circular Needles 24"""," Size 13/9mm""",B006H7QUJK,KNITTING_NEEDLE
2021-03-26,107.99,1.0,PA,"""Fire HD 10 Tablet (10.1"""" 1080p full HD display"," 64 GB) – Plum (2019 Release)""",B07KD7CW5T,AMAZON_TABLET
2021-04-28,5.99,1.0,PA,"Bloem 20-56408 Fiskars Ariana Planter with Self-Watering Grid, 8"""," Thyme Green""",B003QKKVKK,PLANTER
2021-04-30,11.99,1.0,PA,"""mDesign Plastic Small Trash Can, 1.5 Gallon/5.7-Liter Wastebasket, Narrow Garbage Bin with Handles for Bathroom, Laundry, Home Office - Holds Waste, Recycling, 10"""" High - Aura Collection"," Navy Blue""",B01CXF7NWM,TRASH_CAN
