Survey_ResponseID,Order_Date,Purchase_Price_Per_Unit,Quantity,Spend,Category
R_3e8qukcDiaT0D0g,2020-02-16,6398.95,1.0,6398.95,COMPUTER_DRIVE_OR_STORAGE
R_3lMSxgNkhRq4147,2022-06-26,759.99,8.0,6079.92,AUTO_BATTERY
R_1NgAUlbpH2mgLYQ,2022-08-04,5949.0,1.0,5949.0,VIDEO_PROJECTOR
R_3s6ANl73k2a38Oz,2021-04-27,5499.99,1.0,5499.99,
R_3PUi8o2if0JqKfl,2022-06-16,4999.0,1.0,4999.0,BEAUTY
R_spBuGIpg61jMNzP,2022-11-28,500.0,9.0,4500.0,ELECTRONIC_GIFT_CARD
R_spBuGIpg61jMNzP,2022-11-23,100.0,45.0,4500.0,ELECTRONIC_GIFT_CARD
R_1NDq0rxoUSu6oyz,2022-05-16,4299.0,1.0,4299.0,
R_4ZKWBs8TstBB0Pv,2022-09-14,711.35,6.0,4268.1,VACUUM_CLEANER
R_spBuGIpg61jMNzP,2022-11-29,200.0,20.0,4000.0,ELECTRONIC_GIFT_CARD
